dataset,source_line,step_index,step_id,process_id,event,input_kind,image_count,prefill_chunk_tokens,stop_reason,decode_forwards,gpu_counts_complete,shared_buffers,attention_buffers,routed_buffers,layer_calls,bound_valid,mixed_split_calls,all_hit_upper_bound_calls,mixed_split_percent,all_hit_upper_bound_percent
journey27,3,0,E40AB382-EEC8-49F3-A52D-83F7D3BB68EF,76267,output,user,0,128,toolCalls,273,True,8190,8190,14587,8190,True,6397,1793,78.1074481074481,21.892551892551893
journey27,5,1,970A7094-77CF-4709-86BE-9425AD1CE989,76267,output,tool_results,0,128,toolCalls,62,True,1860,1860,3290,1860,True,1430,430,76.88172043010752,23.118279569892472
journey27,7,2,5E1E61E8-D0FD-4290-AAB2-4B065517B8BD,76267,output,tool_results,0,128,toolCalls,123,True,3690,3690,6819,3690,True,3129,561,84.79674796747967,15.203252032520325
journey27,9,3,84EEAF4F-ED8D-4E8E-A794-F4D1DDFC6875,76267,output,tool_results,0,128,toolCalls,71,True,2130,2130,3826,2130,True,1696,434,79.6244131455399,20.375586854460092
journey27,11,4,3CBD7823-845F-401F-8A95-81A79C69333C,76267,output,tool_results,0,128,toolCalls,37,True,1110,1110,2005,1110,True,895,215,80.63063063063063,19.36936936936937
journey27,13,5,1DFD4E1B-203B-4DBF-9FD3-764B785766FB,76267,output,tool_results,0,128,toolCalls,60,True,1800,1800,3208,1800,True,1408,392,78.22222222222223,21.77777777777778
journey27,15,6,DDB12CD2-C825-4321-9EE3-0CBE046A64AB,76267,output,tool_results,0,128,toolCalls,28,True,840,840,1497,840,True,657,183,78.21428571428571,21.785714285714285
journey27,17,7,7BB60161-5B87-4A33-AF39-B37BC97B75C2,76267,output,tool_results,0,128,toolCalls,56,True,1680,1680,2966,1680,True,1286,394,76.54761904761905,23.452380952380953
journey27,19,8,88D79D3E-CBC3-45CF-8D85-FE9CD87427CE,76267,output,tool_results,0,128,toolCalls,28,True,840,840,1478,840,True,638,202,75.95238095238095,24.047619047619047
journey27,21,9,26C2BA27-9287-4C98-AC96-232BD1ADADB9,76267,output,tool_results,0,128,toolCalls,56,True,1680,1680,2965,1680,True,1285,395,76.48809523809524,23.511904761904763
journey27,23,10,9E3B0F1D-BE98-4BD1-B3E1-542A7DC705A9,76267,output,tool_results,0,128,toolCalls,28,True,840,840,1463,840,True,623,217,74.16666666666667,25.833333333333332
journey27,25,11,3B5A63E2-83A3-4144-B2C4-867256806135,76267,output,tool_results,0,128,toolCalls,64,True,1920,1920,3304,1920,True,1384,536,72.08333333333333,27.916666666666668
journey27,27,12,767AF77D-7F98-42F6-98C4-D618F991DF85,76267,output,tool_results,0,128,toolCalls,39,True,1170,1170,2074,1170,True,904,266,77.26495726495726,22.735042735042736
journey27,30,13,EA9F03C5-D3EC-48DC-8BF0-3EA2A277BAAC,76267,output,tool_results,0,128,toolCalls,68,True,2040,2040,3535,2040,True,1495,545,73.2843137254902,26.715686274509803
journey27,32,14,6F9C2C95-520D-4813-AF14-A64BBB2B1C06,76267,output,tool_results,0,128,toolCalls,35,True,1050,1050,1847,1050,True,797,253,75.9047619047619,24.095238095238095
journey27,35,15,4216C562-01E8-47E3-BDBD-5EC841AB0428,76267,output,tool_results,0,128,toolCalls,46,True,1380,1380,2350,1380,True,970,410,70.28985507246377,29.71014492753623
journey27,37,16,E750A6AE-BBC9-4666-AC11-5661B2BF2194,76267,output,tool_results,0,128,toolCalls,35,True,1050,1050,1850,1050,True,800,250,76.19047619047619,23.80952380952381
journey27,39,17,95803F7A-2570-46AA-BD25-84BBC7567948,76267,error,tool_results,0,128,failed,,False,,,,,False,,,,
journey27,41,18,B99E93E4-E189-4EBD-98D3-BAC329B01F75,76267,output,tool_results,0,128,toolCalls,55,True,1650,1650,2865,1650,True,1215,435,73.63636363636364,26.363636363636363
journey27,43,19,1620D16D-CD6E-4956-88D2-68A72DB04DEB,76267,output,tool_results,0,128,toolCalls,38,True,1140,1140,1993,1140,True,853,287,74.82456140350877,25.17543859649123
journey27,45,20,FF1624DC-8B1A-4D3D-8AC4-11E937E2DB19,76267,output,tool_results,0,128,toolCalls,147,True,4410,4410,7902,4410,True,3492,918,79.18367346938776,20.816326530612244
journey27,47,21,C5444EEB-F227-4A1F-A076-0193E83765DB,76267,output,tool_results,0,128,toolCalls,35,True,1050,1050,1853,1050,True,803,247,76.47619047619048,23.523809523809526
journey27,49,22,D8A21D75-756E-488E-8BBE-8A59B1B7E10B,76267,output,tool_results,0,128,toolCalls,128,True,3840,3840,6756,3840,True,2916,924,75.9375,24.0625
journey27,51,23,3AA1AAF9-AE73-4FD5-AF4B-2C3A261DCAB8,76267,output,tool_results,0,128,toolCalls,33,True,990,990,1705,990,True,715,275,72.22222222222223,27.77777777777778
journey27,53,24,B2889D38-121C-4393-A12E-F12F72C626B4,76267,output,tool_results,0,128,toolCalls,89,True,2670,2670,4601,2670,True,1931,739,72.32209737827715,27.677902621722847
journey27,55,25,F8541AE7-C798-4789-8C06-89001F4F7E8C,76267,output,tool_results,0,128,toolCalls,56,True,1680,1680,2808,1680,True,1128,552,67.14285714285714,32.857142857142854
journey27,57,26,EBACE3E9-E031-441D-A8CC-FB5C8F0736A3,76267,output,tool_results,0,128,toolCalls,41,True,1230,1230,2146,1230,True,916,314,74.47154471544715,25.528455284552845
journey27,59,27,902F437D-D3F2-4124-BEF2-B293D381AC5B,76267,output,tool_results,0,128,toolCalls,136,True,4080,4080,7309,4080,True,3229,851,79.1421568627451,20.857843137254903
journey27,61,28,DF512B52-AB49-4DC4-B411-77AE0DE764CC,76267,output,tool_results,0,128,toolCalls,35,True,1050,1050,1853,1050,True,803,247,76.47619047619048,23.523809523809526
journey27,63,29,67070535-FDDB-4084-8840-0D6C4E22BC13,76267,output,tool_results,0,128,toolCalls,81,True,2430,2430,4238,2430,True,1808,622,74.40329218106996,25.596707818930042
journey27,65,30,B80D5435-AB5B-47EF-91CC-900A3A48922A,76267,output,tool_results,0,128,toolCalls,36,True,1080,1080,1838,1080,True,758,322,70.18518518518519,29.814814814814813
journey27,67,31,1FBFE021-7C38-4433-B5F8-F6C220EC9D35,76267,output,tool_results,0,128,toolCalls,107,True,3210,3210,5548,3210,True,2338,872,72.83489096573209,27.165109034267914
journey27,69,32,AF495767-D905-41F2-8EE2-B28F8F4BE2AE,76267,output,tool_results,0,128,toolCalls,33,True,990,990,1670,990,True,680,310,68.68686868686869,31.31313131313131
journey27,71,33,E2C67D21-53F6-41DF-B6CB-3A9A13E3E1BF,76267,output,tool_results,0,128,toolCalls,65,True,1950,1950,3325,1950,True,1375,575,70.51282051282051,29.487179487179485
journey27,73,34,7D9AAEBA-46CF-4F46-BD74-5A46A317E410,76267,output,tool_results,0,128,toolCalls,54,True,1620,1620,2756,1620,True,1136,484,70.12345679012346,29.876543209876544
journey27,75,35,DC4B0B6F-C466-4747-8E09-9465717D1E20,76267,output,tool_results,0,128,toolCalls,35,True,1050,1050,1800,1050,True,750,300,71.42857142857143,28.571428571428573
journey27,77,36,D23EC5A0-7951-434E-8E45-05F778B4B013,76267,output,tool_results,0,128,toolCalls,118,True,3540,3540,6265,3540,True,2725,815,76.9774011299435,23.0225988700565
journey27,79,37,0792666B-0E74-4465-BEE1-3CFDF306F43A,76267,output,tool_results,0,128,toolCalls,36,True,1080,1080,1842,1080,True,762,318,70.55555555555556,29.444444444444443
journey27,81,38,FBA83DA1-1646-4586-B174-421387451469,76267,output,tool_results,0,128,toolCalls,113,True,3390,3390,5873,3390,True,2483,907,73.2448377581121,26.755162241887906
journey27,83,39,04DEDB56-1A50-4860-A370-B3E97D19F34E,76267,output,tool_results,0,128,toolCalls,58,True,1740,1740,2990,1740,True,1250,490,71.83908045977012,28.160919540229884
journey27,85,40,CEBB638E-4251-49C3-88ED-54BEA65998F2,76267,output,tool_results,0,128,toolCalls,37,True,1110,1110,1909,1110,True,799,311,71.98198198198199,28.01801801801802
journey27,87,41,AD1B4F6F-2881-4846-965C-088F86D7AB62,76267,output,tool_results,0,128,toolCalls,73,True,2190,2190,3791,2190,True,1601,589,73.10502283105023,26.894977168949772
journey27,89,42,3EDF03FC-E2E0-4086-8421-29CBCD80859B,76267,output,tool_results,0,128,toolCalls,54,True,1620,1620,2758,1620,True,1138,482,70.24691358024691,29.753086419753085
journey27,91,43,2FAA2BB3-49A4-4150-AE5F-83ED5A6E93E5,76267,output,tool_results,0,128,toolCalls,37,True,1110,1110,1916,1110,True,806,304,72.61261261261261,27.38738738738739
journey27,93,44,F04E321D-1EEC-4B7C-A507-910A1D277D30,76267,output,tool_results,0,128,toolCalls,59,True,1770,1770,3035,1770,True,1265,505,71.46892655367232,28.531073446327685
journey27,95,45,E02AD1EA-B3F0-4C62-B2E7-017289F819C2,76267,output,tool_results,0,128,toolCalls,56,True,1680,1680,2867,1680,True,1187,493,70.6547619047619,29.345238095238095
journey27,97,46,A2AB2B07-AF54-4F7B-87E7-437C55301169,76267,output,tool_results,0,128,toolCalls,37,True,1110,1110,1911,1110,True,801,309,72.16216216216216,27.83783783783784
journey27,99,47,F1C816F4-C511-4204-8954-15FE3F7E4E51,76267,output,tool_results,0,128,toolCalls,164,True,4920,4920,8611,4920,True,3691,1229,75.02032520325203,24.979674796747968
journey27,101,48,5022C494-D185-4557-B041-1A8DA92FCFA4,76267,output,tool_results,0,128,toolCalls,33,True,990,990,1676,990,True,686,304,69.29292929292929,30.707070707070706
journey27,103,49,E809328E-7DEB-4F0F-9F0E-C2D958950775,76267,output,tool_results,0,128,toolCalls,53,True,1590,1590,2702,1590,True,1112,478,69.937106918239,30.062893081761008
journey27,105,50,D235AD42-9F10-40DF-9499-982314F84ACA,76267,output,tool_results,0,128,toolCalls,37,True,1110,1110,1856,1110,True,746,364,67.2072072072072,32.792792792792795
journey27,107,51,AB0F7CAB-DA7D-48C4-A643-1B4D47C603D8,76267,output,tool_results,0,128,toolCalls,275,True,8250,8250,14617,8250,True,6367,1883,77.17575757575757,22.824242424242424
journey27,110,52,591807C0-94A5-4DEC-B8F4-16F796C6B66F,76267,output,tool_results,0,128,toolCalls,56,True,1680,1680,2822,1680,True,1142,538,67.97619047619048,32.023809523809526
journey27,112,53,CC2308F7-74B7-4546-A42B-AEAE844C5B96,76267,output,tool_results,0,128,toolCalls,35,True,1050,1050,1800,1050,True,750,300,71.42857142857143,28.571428571428573
journey27,114,54,926D1D02-247C-46DE-8C49-C548A6E20054,76267,output,tool_results,0,128,toolCalls,63,True,1890,1890,3143,1890,True,1253,637,66.29629629629629,33.7037037037037
journey27,118,55,77B9C589-C436-496A-9E39-AA9F97CE0A34,76267,output,tool_results,0,128,toolCalls,813,True,24390,24390,42515,24390,True,18125,6265,74.31324313243132,25.686756867568675
journey27,120,56,7D1ECD37-6BFE-486D-85D3-A9EF4F2D0133,76267,output,tool_results,0,128,toolCalls,49,True,1470,1470,2483,1470,True,1013,457,68.91156462585035,31.08843537414966
journey27,122,57,93081347-73A9-4F3E-9B4A-7A398817F8D1,76267,output,tool_results,0,128,toolCalls,36,True,1080,1080,1836,1080,True,756,324,70.0,30.0
journey27,124,58,2D2CE60C-6C44-4254-A615-B779EFEE6C14,76267,output,tool_results,0,128,toolCalls,66,True,1980,1980,3398,1980,True,1418,562,71.61616161616162,28.383838383838384
journey27,127,59,703CF5D2-D00B-4348-88BF-3EF367D51589,76267,output,tool_results,0,128,toolCalls,150,True,4500,4500,7968,4500,True,3468,1032,77.06666666666666,22.933333333333334
journey27,129,60,9FD93B65-5717-46FD-9CEB-3784B8DA6D69,76267,output,tool_results,0,128,toolCalls,50,True,1500,1500,2537,1500,True,1037,463,69.13333333333334,30.866666666666667
journey27,131,61,BA7BA281-2288-4321-B223-843471323D33,76267,output,tool_results,0,128,toolCalls,35,True,1050,1050,1813,1050,True,763,287,72.66666666666667,27.333333333333332
journey27,133,62,B753C8BB-6A3A-4CFB-9833-B5C4E191B0C5,76267,output,tool_results,0,128,toolCalls,70,True,2100,2100,3594,2100,True,1494,606,71.14285714285714,28.857142857142858
journey27,135,63,C2F00DCC-4B8D-40CA-A630-46D96A9F578A,76267,output,tool_results,0,128,toolCalls,36,True,1080,1080,1830,1080,True,750,330,69.44444444444444,30.555555555555557
journey27,137,64,8FDB4C99-3895-4DDA-A837-F115EEE86B2A,76267,output,tool_results,0,128,toolCalls,59,True,1770,1770,2975,1770,True,1205,565,68.07909604519774,31.92090395480226
journey27,140,65,06CB7CB4-6832-468C-B568-C967FD2AF7F2,76267,output,tool_results,0,128,toolCalls,59,True,1770,1770,3005,1770,True,1235,535,69.77401129943503,30.225988700564972
journey27,142,66,8A4451EF-9530-4641-8240-916FE7187FF2,76267,output,tool_results,0,128,toolCalls,33,True,990,990,1665,990,True,675,315,68.18181818181819,31.818181818181817
journey27,144,67,F8AB0723-3AFA-495F-AB5A-70B018805DAA,76267,output,tool_results,0,128,toolCalls,52,True,1560,1560,2660,1560,True,1100,460,70.51282051282051,29.487179487179485
journey27,146,68,A604F8FB-7664-45A0-A2CE-42CB2348036F,76267,output,tool_results,0,128,toolCalls,38,True,1140,1140,2000,1140,True,860,280,75.43859649122807,24.56140350877193
journey27,148,69,5A54AFB9-80FD-496F-B30C-7AD7C9E3EDC4,76267,output,tool_results,0,128,toolCalls,66,True,1980,1980,3437,1980,True,1457,523,73.58585858585859,26.414141414141415
journey27,150,70,002D3766-6174-4267-AF7F-C75DA07BF62D,76267,output,tool_results,0,128,toolCalls,35,True,1050,1050,1811,1050,True,761,289,72.47619047619048,27.523809523809526
journey27,152,71,7C014D80-A646-4E07-B69E-9CB2F2CBC426,76267,output,tool_results,0,128,toolCalls,109,True,3270,3270,5726,3270,True,2456,814,75.10703363914374,24.89296636085627
journey27,154,72,568575BE-E7DA-4E92-AE09-F621F078651C,76267,output,tool_results,0,128,toolCalls,37,True,1110,1110,1921,1110,True,811,299,73.06306306306307,26.936936936936938
journey27,156,73,9345BC56-8E52-4FC2-BAB3-F38884331459,76267,output,tool_results,0,128,toolCalls,65,True,1950,1950,3342,1950,True,1392,558,71.38461538461539,28.615384615384617
journey27,158,74,A4CF7090-67C8-4ACF-B412-FB62F9FA9F9E,76267,output,tool_results,0,128,toolCalls,33,True,990,990,1674,990,True,684,306,69.0909090909091,30.90909090909091
journey27,161,75,D0923510-0A07-4F24-B203-97BEE033AD93,76267,output,tool_results,0,128,toolCalls,298,True,8940,8940,15861,8940,True,6921,2019,77.41610738255034,22.583892617449663
journey27,163,76,77FBA512-1D81-467C-A93E-5D8BEC165BB6,76267,output,tool_results,0,128,toolCalls,34,True,1020,1020,1761,1020,True,741,279,72.6470588235294,27.352941176470587
journey27,165,77,324CBAF1-E89B-4048-B11F-2CCF62BCB4A1,76267,output,tool_results,0,128,toolCalls,151,True,4530,4530,8033,4530,True,3503,1027,77.3289183222958,22.671081677704194
journey27,167,78,3A3BD2FB-68EE-4876-9988-26D530D5240A,76267,output,tool_results,0,128,toolCalls,35,True,1050,1050,1825,1050,True,775,275,73.80952380952381,26.19047619047619
journey27,169,79,A41CA81F-A001-4470-A342-43D4BC7003E1,76267,output,tool_results,0,128,toolCalls,39,True,1170,1170,1992,1170,True,822,348,70.25641025641026,29.743589743589745
journey27,171,80,B3172AC2-2D70-47EC-9B15-F49830E1FB36,76267,output,tool_results,0,128,toolCalls,143,True,4290,4290,7548,4290,True,3258,1032,75.94405594405595,24.055944055944057
journey27,173,81,4D3A14F3-236E-4C81-9F68-A08C93A87E0E,76267,output,tool_results,0,128,toolCalls,35,True,1050,1050,1839,1050,True,789,261,75.14285714285714,24.857142857142858
journey27,175,82,39DADDAF-DED4-44EF-97A2-12A1D90749CB,76267,error,tool_results,0,128,failed,,False,,,,,False,,,,
journey27,177,83,945F6F21-BE0D-426A-AFFC-A9FC9227DF3F,76267,output,tool_results,0,128,toolCalls,143,True,4290,4290,7491,4290,True,3201,1089,74.61538461538461,25.384615384615383
journey27,179,84,9405FD6A-8D0A-42E9-A8AE-C50DA779870A,76267,output,tool_results,0,128,toolCalls,35,True,1050,1050,1834,1050,True,784,266,74.66666666666667,25.333333333333332
journey27,181,85,EF3A5E2E-D79E-4ED3-A7ED-CDDD7982A885,76267,error,tool_results,0,128,failed,,False,,,,,False,,,,
journey27,183,86,E262647A-7694-4B4A-A3DF-490C8A179DED,76267,output,tool_results,0,128,toolCalls,143,True,4290,4290,7549,4290,True,3259,1031,75.96736596736596,24.032634032634032
journey27,185,87,1D522246-1007-4423-B922-C0AA7F990E18,76267,output,tool_results,0,128,toolCalls,35,True,1050,1050,1830,1050,True,780,270,74.28571428571429,25.714285714285715
journey27,187,88,70F3AE68-702F-422B-A621-E546BEF36271,76267,output,tool_results,0,128,toolCalls,143,True,4290,4290,7500,4290,True,3210,1080,74.82517482517483,25.174825174825173
journey27,189,89,4E78D536-9DCB-4C0E-940A-898ADE77D6B4,76267,output,tool_results,0,128,toolCalls,35,True,1050,1050,1845,1050,True,795,255,75.71428571428571,24.285714285714285
journey27,191,90,9804405F-2D4E-4A11-80E6-AEC1C235E33A,76267,output,tool_results,0,128,toolCalls,143,True,4290,4290,7497,4290,True,3207,1083,74.75524475524476,25.244755244755243
journey27,193,91,26A5B3DE-E58B-4294-805F-6C7D9E052F7F,76267,output,tool_results,0,128,toolCalls,35,True,1050,1050,1851,1050,True,801,249,76.28571428571429,23.714285714285715
journey27,195,92,C6CD8185-5C47-4922-940C-A5917E171522,76267,output,tool_results,0,128,toolCalls,143,True,4290,4290,7504,4290,True,3214,1076,74.91841491841492,25.081585081585082
journey27,197,93,90D88603-A13B-418C-837E-1BE166AB9899,76267,output,tool_results,0,128,toolCalls,35,True,1050,1050,1834,1050,True,784,266,74.66666666666667,25.333333333333332
journey27,199,94,95644D7F-D34C-4667-88E6-A193F0C37210,76267,output,tool_results,0,128,toolCalls,143,True,4290,4290,7559,4290,True,3269,1021,76.2004662004662,23.7995337995338
journey27,201,95,91FD794D-639D-4F86-8D12-22D864B75BED,76267,output,tool_results,0,128,toolCalls,35,True,1050,1050,1836,1050,True,786,264,74.85714285714286,25.142857142857142
journey27,203,96,E22C6633-5D46-446D-A2F3-3B0F36A99B32,76267,output,tool_results,0,128,toolCalls,143,True,4290,4290,7519,4290,True,3229,1061,75.26806526806527,24.731934731934732
journey27,205,97,0EB6F79C-F032-4D70-8D6C-9C8EE21A4B4D,76267,output,tool_results,0,128,toolCalls,35,True,1050,1050,1845,1050,True,795,255,75.71428571428571,24.285714285714285
journey27,207,98,3063D027-6A57-4231-A50C-F80317278024,76267,output,tool_results,0,128,toolCalls,143,True,4290,4290,7465,4290,True,3175,1115,74.009324009324,25.990675990675992
journey27,209,99,D3EEA00D-0A13-4006-ACD0-F0FC2245635E,76267,output,tool_results,0,128,toolCalls,35,True,1050,1050,1829,1050,True,779,271,74.19047619047619,25.80952380952381
journey27,211,100,4A68E256-0061-4095-A59F-09A617791A67,76267,output,tool_results,0,128,toolCalls,143,True,4290,4290,7462,4290,True,3172,1118,73.93939393939394,26.060606060606062
journey27,213,101,875B9417-087C-4B63-A3CA-2331C18D9246,76267,output,tool_results,0,128,toolCalls,35,True,1050,1050,1832,1050,True,782,268,74.47619047619048,25.523809523809526
journey27,215,102,5FFC2D2F-3F43-4856-B8F6-EE3C1C77E056,76267,output,tool_results,0,128,toolCalls,143,True,4290,4290,7436,4290,True,3146,1144,73.33333333333333,26.666666666666668
journey27,217,103,9A26553A-E464-46DB-8967-7ED521676D44,76267,output,tool_results,0,128,toolCalls,35,True,1050,1050,1832,1050,True,782,268,74.47619047619048,25.523809523809526
journey27,219,104,D2DC727A-7416-4C9E-A5AD-7008EE4CAC8F,76267,output,tool_results,0,128,toolCalls,143,True,4290,4290,7439,4290,True,3149,1141,73.40326340326341,26.596736596736598
journey27,221,105,C15325A7-EA6E-4808-955E-8627D3E720E9,76267,output,tool_results,0,128,toolCalls,35,True,1050,1050,1822,1050,True,772,278,73.52380952380952,26.476190476190474
journey27,223,106,EEF4F93D-7835-40DC-BBB5-C45564DF5AA3,76267,output,tool_results,0,128,toolCalls,143,True,4290,4290,7409,4290,True,3119,1171,72.7039627039627,27.296037296037294
journey27,225,107,73EF7A94-179C-45AB-B6DB-CAC65B5F0853,76267,output,tool_results,0,128,toolCalls,35,True,1050,1050,1825,1050,True,775,275,73.80952380952381,26.19047619047619
journey27,227,108,557534FC-F4A4-4870-8B0B-FF94582F5657,76267,output,tool_results,0,128,toolCalls,143,True,4290,4290,7394,4290,True,3104,1186,72.35431235431236,27.645687645687644
journey27,229,109,F4DFC992-0CF5-417D-8D29-D751EB84863D,76267,output,tool_results,0,128,toolCalls,35,True,1050,1050,1837,1050,True,787,263,74.95238095238095,25.047619047619047
journey27,231,110,4AE7DB62-8ED1-4517-80B8-CBF00568F83F,76267,output,tool_results,0,128,toolCalls,143,True,4290,4290,7390,4290,True,3100,1190,72.26107226107226,27.73892773892774
journey27,233,111,22F133F8-C2FB-4037-AD2D-FA275AA4CA59,76267,output,tool_results,0,128,toolCalls,35,True,1050,1050,1828,1050,True,778,272,74.0952380952381,25.904761904761905
journey27,235,112,F7E8AE00-B366-48A1-8766-894A7818CCA0,76267,output,tool_results,0,128,toolCalls,143,True,4290,4290,7385,4290,True,3095,1195,72.14452214452214,27.855477855477854
journey27,237,113,F2A3CDF2-5E10-4662-B4BA-9FA7F03C62D8,76267,output,tool_results,0,128,toolCalls,35,True,1050,1050,1839,1050,True,789,261,75.14285714285714,24.857142857142858
journey27,239,114,A852FE99-E512-417E-B078-64B145C599BC,76267,output,tool_results,0,128,toolCalls,143,True,4290,4290,7381,4290,True,3091,1199,72.05128205128206,27.94871794871795
journey27,241,115,C9C8E4D5-6A1B-4A71-9038-8F13414FBF6D,76267,output,tool_results,0,128,toolCalls,35,True,1050,1050,1834,1050,True,784,266,74.66666666666667,25.333333333333332
journey27,243,116,738964B7-A4B7-4858-9299-9E6D3CCC6F55,76267,output,tool_results,0,128,toolCalls,143,True,4290,4290,7346,4290,True,3056,1234,71.23543123543124,28.764568764568764
journey27,245,117,32A20E98-F9A1-4D1E-A991-EE0D366BF9F5,76267,output,tool_results,0,128,toolCalls,35,True,1050,1050,1827,1050,True,777,273,74.0,26.0
journey27,247,118,F710593D-E3DA-40E1-A556-B721DE367611,76267,output,tool_results,0,128,toolCalls,143,True,4290,4290,7357,4290,True,3067,1223,71.4918414918415,28.50815850815851
journey27,249,119,4CCFEE6D-5CB0-4EDE-82B2-6C9116929110,76267,output,tool_results,0,128,toolCalls,35,True,1050,1050,1828,1050,True,778,272,74.0952380952381,25.904761904761905
journey27,251,120,09FF439B-2E42-4848-A456-724631923E60,76267,output,tool_results,0,128,toolCalls,143,True,4290,4290,7304,4290,True,3014,1276,70.25641025641026,29.743589743589745
journey27,253,121,E2B42040-3274-4992-938D-931BD5F972DC,76267,output,tool_results,0,128,toolCalls,35,True,1050,1050,1820,1050,True,770,280,73.33333333333333,26.666666666666668
journey27,255,122,01335812-781F-4BB4-ADE5-8CBD8626CA74,76267,output,tool_results,0,128,toolCalls,143,True,4290,4290,7323,4290,True,3033,1257,70.6993006993007,29.3006993006993
journey27,257,123,FEB76540-7077-421F-9221-E586D6C2BB9C,76267,output,tool_results,0,128,toolCalls,35,True,1050,1050,1811,1050,True,761,289,72.47619047619048,27.523809523809526
journey27,259,124,F65EE8D7-435C-40B2-96BC-31849FEAF3B3,76267,output,tool_results,0,128,toolCalls,143,True,4290,4290,7299,4290,True,3009,1281,70.13986013986013,29.86013986013986
journey27,261,125,6D3D5B68-15BE-46C3-82DE-4641D758F629,76267,output,tool_results,0,128,toolCalls,35,True,1050,1050,1814,1050,True,764,286,72.76190476190476,27.238095238095237
journey27,263,126,C40D4F89-040F-4A14-A024-E970134BDBFC,76267,output,tool_results,0,128,toolCalls,143,True,4290,4290,7246,4290,True,2956,1334,68.9044289044289,31.095571095571096
journey27,265,127,341D05FA-60B6-4DBB-B898-25C1A060DD44,76267,output,tool_results,0,128,toolCalls,35,True,1050,1050,1815,1050,True,765,285,72.85714285714286,27.142857142857142
journey27,267,128,3FEC9688-1290-42B3-8B34-06CE35BB2120,76267,output,tool_results,0,128,toolCalls,143,True,4290,4290,7251,4290,True,2961,1329,69.02097902097903,30.97902097902098
journey27,269,129,29E12640-7A52-4C40-BF9D-328B389BC43C,76267,output,tool_results,0,128,toolCalls,35,True,1050,1050,1810,1050,True,760,290,72.38095238095238,27.61904761904762
journey27,271,130,433C62C1-E39E-48E6-9517-FEB10309DDF6,76267,output,tool_results,0,128,toolCalls,143,True,4290,4290,7232,4290,True,2942,1348,68.57808857808858,31.42191142191142
journey27,273,131,C426CB33-1E59-46DD-8E08-CD0AFA63F35C,76267,output,tool_results,0,128,toolCalls,35,True,1050,1050,1802,1050,True,752,298,71.61904761904762,28.38095238095238
journey27,275,132,FD93AD24-F6EF-421B-99DC-091112DFE420,76267,output,tool_results,0,128,toolCalls,143,True,4290,4290,7243,4290,True,2953,1337,68.83449883449883,31.165501165501166
journey27,277,133,65438F4F-21FD-41DA-B904-508CA0F46E12,76267,output,tool_results,0,128,toolCalls,35,True,1050,1050,1808,1050,True,758,292,72.19047619047619,27.80952380952381
journey27,279,134,11D6B66D-1F34-405A-9895-63AC18C1B854,76267,output,tool_results,0,128,toolCalls,143,True,4290,4290,7228,4290,True,2938,1352,68.48484848484848,31.515151515151516
journey27,281,135,874750D6-1367-4D24-8C6A-2C61DC9D7F06,76267,output,tool_results,0,128,toolCalls,35,True,1050,1050,1797,1050,True,747,303,71.14285714285714,28.857142857142858
journey27,283,136,689B17B0-FE96-4B03-B575-77A2D9A2705E,76267,output,tool_results,0,128,toolCalls,143,True,4290,4290,7215,4290,True,2925,1365,68.18181818181819,31.818181818181817
journey27,285,137,37DDD445-95D7-4E30-9C4F-D7C038A22004,76267,output,tool_results,0,128,toolCalls,35,True,1050,1050,1811,1050,True,761,289,72.47619047619048,27.523809523809526
journey27,288,138,9D7B479D-4296-493B-8F88-61E7C0BC00D1,76267,output,tool_results,0,128,toolCalls,143,True,4290,4290,7191,4290,True,2901,1389,67.62237762237763,32.37762237762238
journey27,290,139,662FFEC9-E863-487D-80DB-FAEF5FDC759E,76267,output,tool_results,0,128,toolCalls,35,True,1050,1050,1808,1050,True,758,292,72.19047619047619,27.80952380952381
journey27,292,140,542EC510-E835-4862-A56F-9C2A9B9444FD,76267,output,tool_results,0,128,toolCalls,143,True,4290,4290,7202,4290,True,2912,1378,67.87878787878788,32.121212121212125
journey27,294,141,965D7615-4A50-411D-9C1A-FE60529A80A5,76267,output,tool_results,0,128,toolCalls,35,True,1050,1050,1806,1050,True,756,294,72.0,28.0
journey27,297,142,658F864B-9294-401A-B0BD-CBE0D2055AD3,76267,output,tool_results,0,128,toolCalls,143,True,4290,4290,7182,4290,True,2892,1398,67.41258741258741,32.58741258741259
journey27,299,143,AA014FEC-8C66-476D-91C8-FF1A74489C85,76267,output,tool_results,0,128,toolCalls,35,True,1050,1050,1801,1050,True,751,299,71.52380952380952,28.476190476190474
journey27,301,144,785E06B1-772A-4748-AD33-582A20C36E0C,76267,output,tool_results,0,128,toolCalls,143,True,4290,4290,7180,4290,True,2890,1400,67.36596736596736,32.634032634032636
journey27,303,145,F4E3E7B3-360F-47C7-87B5-E938247CFF13,76267,output,tool_results,0,128,toolCalls,35,True,1050,1050,1806,1050,True,756,294,72.0,28.0
journey27,305,146,562FD6A3-F302-47F1-AE7E-18138B2AA62C,76267,output,tool_results,0,128,toolCalls,143,True,4290,4290,7138,4290,True,2848,1442,66.38694638694639,33.613053613053616
journey27,307,147,1CAB9838-2970-46A4-88DF-414557359BA9,76267,output,tool_results,0,128,toolCalls,35,True,1050,1050,1808,1050,True,758,292,72.19047619047619,27.80952380952381
journey27,309,148,41EC42A1-F053-4DBF-A562-AC2FF04B4F15,76267,output,tool_results,0,128,toolCalls,143,True,4290,4290,7143,4290,True,2853,1437,66.5034965034965,33.49650349650349
journey27,311,149,EA7C44D5-B0C4-4FFA-A0BF-402F1B0662E8,76267,output,tool_results,0,128,toolCalls,35,True,1050,1050,1802,1050,True,752,298,71.61904761904762,28.38095238095238
journey27,313,150,E4E4D733-B058-4B70-80E2-89B4996F8C21,76267,cancelled,tool_results,0,128,,,False,,,,,False,,,,
image_diagnostic,3,0,603A1764-8E58-45EB-87CA-8AE21F1225C3,17901,output,user,0,128,endOfTurn,65,True,1950,1950,3415,1950,True,1465,485,75.12820512820512,24.871794871794872
image_diagnostic,5,1,F2530476-AC77-4603-B907-C8A69B3C8CC6,17901,output,user,0,128,toolCalls,15,True,450,450,824,450,True,374,76,83.11111111111111,16.88888888888889
image_diagnostic,7,2,E4978137-3FC6-4C27-B235-7F389471901F,17901,output,tool_results,1,128,endOfTurn,22,True,660,660,1203,660,True,543,117,82.27272727272727,17.727272727272727
image_diagnostic,9,3,412F9436-1DB0-42DA-9BAB-EDFB3DC6FFC4,17901,output,user,0,128,toolCalls,15,True,450,450,806,450,True,356,94,79.11111111111111,20.88888888888889
image_diagnostic,11,4,F5BC717F-31E1-42BD-A135-5123A39E3A5C,17901,output,tool_results,0,128,endOfTurn,12,True,360,360,637,360,True,277,83,76.94444444444444,23.055555555555557
journey28,3,0,159D9BEA-C813-41E3-96AA-70BF36AD1770,30726,output,user,0,128,toolCalls,286,True,8580,8580,15235,8580,True,6655,1925,77.56410256410257,22.435897435897434
journey28,5,1,07302466-EC97-4B3C-A52C-22B91EF132BC,30726,output,tool_results,0,128,toolCalls,62,True,1860,1860,3292,1860,True,1432,428,76.98924731182795,23.010752688172044
journey28,7,2,722C7E50-A7C9-4B33-A58C-FF017A3235DC,30726,output,tool_results,0,128,toolCalls,79,True,2370,2370,4299,2370,True,1929,441,81.39240506329114,18.60759493670886
journey28,9,3,13ECB633-B88E-453F-BBCF-6087C17DEC0D,30726,output,tool_results,0,128,toolCalls,139,True,4170,4170,7707,4170,True,3537,633,84.82014388489209,15.179856115107913
journey28,11,4,B6E79F24-0A16-47B9-BFAB-5B1A0A31F264,30726,output,tool_results,0,128,toolCalls,149,True,4470,4470,8093,4470,True,3623,847,81.05145413870247,18.94854586129754
journey28,13,5,DC52B302-6085-4835-B541-146D09943C90,30726,error,tool_results,0,128,failed,,False,,,,,False,,,,
journey28,15,6,8B1503B7-60D9-4E4E-A3ED-D888D1082E91,30726,output,tool_results,0,128,toolCalls,132,True,3960,3960,7176,3960,True,3216,744,81.21212121212122,18.78787878787879
journey28,17,7,46895A74-7BAB-40AC-8F56-B67226FB9120,30726,output,tool_results,0,128,toolCalls,57,True,1710,1710,3055,1710,True,1345,365,78.65497076023392,21.34502923976608
journey28,19,8,FDD507BA-08AE-4A95-AE39-C94BE1313CA5,30726,output,tool_results,0,128,toolCalls,53,True,1590,1590,2857,1590,True,1267,323,79.68553459119497,20.31446540880503
journey28,21,9,07BACDCA-F103-4E07-8F99-D28FCB1D9C78,30726,output,tool_results,0,128,toolCalls,97,True,2910,2910,5318,2910,True,2408,502,82.7491408934708,17.25085910652921
journey28,23,10,685A530A-C7D6-4EA4-A5F8-FFAB9151E901,30726,output,tool_results,0,128,toolCalls,35,True,1050,1050,1909,1050,True,859,191,81.80952380952381,18.19047619047619
journey28,25,11,5FAE0063-4E7F-4D3C-B9A0-AD70A217AF03,30726,output,tool_results,0,128,toolCalls,67,True,2010,2010,3539,2010,True,1529,481,76.06965174129353,23.930348258706466
journey28,27,12,0AB31752-5C49-4DA7-BB20-AE6315320100,30726,output,tool_results,0,128,toolCalls,36,True,1080,1080,1921,1080,True,841,239,77.87037037037037,22.12962962962963
journey28,30,13,27E7E31F-3C34-41A4-A0A4-CA5ECB556B9F,30726,output,tool_results,0,128,toolCalls,86,True,2580,2580,4628,2580,True,2048,532,79.37984496124031,20.62015503875969
journey28,32,14,16C56260-7BE7-489F-8622-4BF5C18DC7B4,30726,output,tool_results,0,128,toolCalls,47,True,1410,1410,2530,1410,True,1120,290,79.43262411347517,20.56737588652482
journey28,35,15,18F6087E-A6CA-4E1D-9B10-576677944EBF,30726,output,tool_results,0,128,toolCalls,48,True,1440,1440,2532,1440,True,1092,348,75.83333333333333,24.166666666666668
journey28,37,16,8A05AF5D-E765-410E-9113-B78E6F7A5415,30726,output,tool_results,0,128,toolCalls,36,True,1080,1080,1922,1080,True,842,238,77.96296296296296,22.037037037037038
journey28,39,17,8BCE8E3F-1DD3-4C06-9AA3-85E96C99D5BD,30726,output,tool_results,0,128,toolCalls,52,True,1560,1560,2731,1560,True,1171,389,75.06410256410257,24.935897435897434
journey28,41,18,49313F45-75E4-46A2-9C53-5F392BB1E853,30726,output,tool_results,0,128,toolCalls,36,True,1080,1080,1907,1080,True,827,253,76.57407407407408,23.425925925925927
journey28,43,19,9CF02BFB-F183-4164-B61B-2EB8A36DA300,30726,output,tool_results,0,128,toolCalls,107,True,3210,3210,5734,3210,True,2524,686,78.62928348909658,21.370716510903428
journey28,45,20,E5578DB2-ECB1-4C21-85A6-E1339790BA7B,30726,output,tool_results,0,128,toolCalls,37,True,1110,1110,1979,1110,True,869,241,78.28828828828829,21.71171171171171
journey28,47,21,CADBB0F8-5EC0-4A61-8850-A76883081340,30726,output,tool_results,0,128,toolCalls,111,True,3330,3330,5908,3330,True,2578,752,77.41741741741741,22.58258258258258
journey28,49,22,DDE75B50-AE38-4648-9885-4FCFEDDB9E20,30726,output,tool_results,0,128,toolCalls,35,True,1050,1050,1837,1050,True,787,263,74.95238095238095,25.047619047619047
journey28,51,23,BE89A708-235C-4731-920C-C522CC5B2148,30726,output,tool_results,0,128,toolCalls,102,True,3060,3060,5367,3060,True,2307,753,75.3921568627451,24.607843137254903
journey28,53,24,D6399E4A-8EAF-469C-8C4C-7A7B1C672ECB,30726,output,tool_results,0,128,toolCalls,56,True,1680,1680,2877,1680,True,1197,483,71.25,28.75
journey28,55,25,A96CFA7B-DBEF-4E68-8EB9-D610536BF154,30726,output,tool_results,0,128,toolCalls,41,True,1230,1230,2169,1230,True,939,291,76.34146341463415,23.658536585365855
journey28,57,26,798B8975-8F7C-4C31-9EE0-FF2EC4EC164D,30726,output,tool_results,0,128,toolCalls,152,True,4560,4560,8208,4560,True,3648,912,80.0,20.0
journey28,59,27,D599191A-0E0F-4F2E-9064-0C9B28DB5C91,30726,output,tool_results,0,128,toolCalls,37,True,1110,1110,1961,1110,True,851,259,76.66666666666667,23.333333333333332
journey28,61,28,7051FF0A-A0ED-4001-8F87-7DA79E211E0A,30726,output,tool_results,0,128,toolCalls,92,True,2760,2760,4911,2760,True,2151,609,77.93478260869566,22.065217391304348
journey28,63,29,04D756EF-EAF3-4C11-B8CA-2A89A9FA8B93,30726,output,tool_results,0,128,toolCalls,125,True,3750,3750,6575,3750,True,2825,925,75.33333333333333,24.666666666666668
journey28,65,30,F0180ED8-AAE0-48EC-969F-A57ACED81FCB,30726,output,tool_results,0,128,toolCalls,36,True,1080,1080,1866,1080,True,786,294,72.77777777777777,27.22222222222222
journey28,67,31,6383347F-2FE3-47F8-99FE-042F1E88AAD5,30726,error,tool_results,0,128,failed,,False,,,,,False,,,,
journey28,69,32,EA40D650-ACBC-4994-A672-9CECE6CE25F2,30726,output,tool_results,0,128,toolCalls,74,True,2220,2220,3836,2220,True,1616,604,72.7927927927928,27.207207207207208
journey28,71,33,83FD00E0-FDB9-46C9-89CE-096299370A35,30726,output,tool_results,0,128,toolCalls,54,True,1620,1620,2786,1620,True,1166,454,71.9753086419753,28.02469135802469
journey28,73,34,4A28E39E-0869-4875-8318-52E27948AB59,30726,output,tool_results,0,128,toolCalls,51,True,1530,1530,2687,1530,True,1157,373,75.62091503267973,24.37908496732026
journey28,75,35,E0536A1D-0E44-4D4B-9B60-94699B014161,30726,output,tool_results,0,128,toolCalls,39,True,1170,1170,2059,1170,True,889,281,75.98290598290598,24.017094017094017
journey28,77,36,45680A31-3BEC-4A4C-94D8-4027CDDC4DD6,30726,output,tool_results,0,128,toolCalls,123,True,3690,3690,6557,3690,True,2867,823,77.69647696476964,22.303523035230352
journey28,79,37,147996A6-DB2D-421C-980B-EE1C1A404021,30726,output,tool_results,0,128,toolCalls,80,True,2400,2400,4120,2400,True,1720,680,71.66666666666667,28.333333333333332
journey28,81,38,A766B103-E769-4AE0-A1E1-4D1BCC280ED8,30726,output,tool_results,0,128,toolCalls,36,True,1080,1080,1850,1080,True,770,310,71.29629629629629,28.703703703703702
journey28,83,39,DDAA1706-E7B7-4A00-8001-FD4BBBDAD09A,30726,output,tool_results,0,128,toolCalls,53,True,1590,1590,2739,1590,True,1149,441,72.26415094339623,27.735849056603772
journey28,85,40,D8754AAB-3E2F-4A95-84DF-DD2B03F2D8E7,30726,output,tool_results,0,128,toolCalls,61,True,1830,1830,3173,1830,True,1343,487,73.3879781420765,26.612021857923498
journey28,87,41,53284E03-91B2-4E56-BAA6-63E78E8187CE,30726,output,tool_results,0,128,toolCalls,45,True,1350,1350,2378,1350,True,1028,322,76.14814814814815,23.85185185185185
journey28,89,42,02E9F3A1-A489-4EA7-86CD-AFCC26283E96,30726,output,tool_results,0,128,toolCalls,90,True,2700,2700,4740,2700,True,2040,660,75.55555555555556,24.444444444444443
journey28,91,43,C92BE855-F324-487F-AFA6-275D16023FBF,30726,output,tool_results,0,128,toolCalls,38,True,1140,1140,1928,1140,True,788,352,69.12280701754386,30.87719298245614
journey28,93,44,D702AF4A-194C-4F20-877B-7FFF1316B10D,30726,output,tool_results,0,128,toolCalls,58,True,1740,1740,2987,1740,True,1247,493,71.66666666666667,28.333333333333332
journey28,95,45,AD6CE299-4317-4B66-8F97-BC839AF51289,30726,output,tool_results,0,128,toolCalls,67,True,2010,2010,3450,2010,True,1440,570,71.64179104477611,28.35820895522388
journey28,97,46,226C6A4B-F76C-49D2-B33A-EE4234515ED3,30726,output,tool_results,0,128,toolCalls,36,True,1080,1080,1842,1080,True,762,318,70.55555555555556,29.444444444444443
journey28,99,47,167013DA-3CE2-47A9-A4AD-5160A18418F4,30726,output,tool_results,0,128,toolCalls,53,True,1590,1590,2735,1590,True,1145,445,72.0125786163522,27.9874213836478
journey28,101,48,C2A69FCC-FD71-4E07-A749-1D87DF64505B,30726,output,tool_results,0,128,toolCalls,54,True,1620,1620,2781,1620,True,1161,459,71.66666666666667,28.333333333333332
journey28,103,49,61DC53BF-EE12-4B09-80BE-E87BC3CB4827,30726,output,tool_results,0,128,toolCalls,98,True,2940,2940,5292,2940,True,2352,588,80.0,20.0
journey28,105,50,F088187A-6089-4BC0-9589-E70A246D1158,30726,output,tool_results,0,128,toolCalls,56,True,1680,1680,2906,1680,True,1226,454,72.97619047619048,27.023809523809526
journey28,107,51,B51EA47E-BB72-43DD-B12B-C815CE594B25,30726,output,tool_results,0,128,toolCalls,40,True,1200,1200,2120,1200,True,920,280,76.66666666666667,23.333333333333332
journey28,110,52,4EE4132B-1E86-46BA-B0DD-C14419189B15,30726,output,tool_results,0,128,toolCalls,64,True,1920,1920,3340,1920,True,1420,500,73.95833333333333,26.041666666666668
